{
    "state": {
        "reported": {
            "vin": "52-452-52-752",
            "prndl":"PARK",
            "gps": {
                "speed": "25",
                "latitudeDegrees": "-83.0",
                "longitudeDegrees": "42.0",
                "heading": "173",
                "utcDay": "23",
                "utcMonth": "9",
                "utcYear": "2013",
                "utcHours": "13",
                "utcMinutes": "16",
                "utcSeconds": "54"
            },
            "airbagStatus": {
                "driverCurtainAirbagDeployed": "NO_EVENT",
                "passengerKneeAirbagDeployed": "NO_EVENT",
                "drive rKneeAirbagDeployed": "NO_EVENT",
                "passengerSideAirbagDeployed": "NO_EVENT",
                "passengerAirbagDeployed": "NO_EVENT",
                "driverAirbagDeployed": "NO_EVENT",
                "passengerCurtainAirbagDeployed": "NO_EVENT",
                "driverSideAirbagDeployed": "NO_EVENT"
            },
            "externalTemperature": "23.0"
        }
    }
}
